{
  "total": 35,
  "page": 1,
  "per_page": 30,
  "items": [
    {
      "id": "r-0001",
      "slug": "pudim-de-leite-ninho",
      "title": "Pudim de Leite Ninho",
      "category": "doce",
      "teaser": "Pudim cremoso feito com leite Ninho — sobremesa perfeita para ocasiões.",
      "prepTime": 45,
      "servings": 8,
      "image": "/images/pudim-leite-ninho.png",
      "author": "Chef Mariana",
      "publishedAt": "2025-10-31T16:09:08.869Z"
    },
    {
      "id": "r-0002",
      "slug": "bolo-de-cenoura-com-cobertura-de-chocolate",
      "title": "Bolo de Cenoura com Cobertura de Chocolate",
      "category": "doce",
      "teaser": "Clássico bolo de cenoura com calda de chocolate brilhante.",
      "prepTime": 60,
      "servings": 10,
      "image": "/images/bolo-cenoura.jpg",
      "author": "Breno Silva",
      "publishedAt": "2025-10-31T15:12:42.826Z"
    },
    {
      "id": "r-0003",
      "slug": "lasanha-de-frango-com-catupiry",
      "title": "Lasanha de Frango com Catupiry",
      "category": "massa",
      "teaser": "Lasanha cremosa com frango desfiado e camada generosa de catupiry.",
      "prepTime": 90,
      "servings": 6,
      "image": "/images/lasanha-frango.jpg",
      "author": "Marcos Oliveira",
      "publishedAt": "2025-10-31T15:00:02.989Z"
    },
    {
      "id": "r-0004",
      "slug": "salada-tropical-com-frango-grelhado",
      "title": "Salada Tropical com Frango Grelhado",
      "category": "fit",
      "teaser": "Salada leve com manga e frango grelhado — rápida e refrescante.",
      "prepTime": 20,
      "servings": 2,
      "image": "/images/salada-tropical.jpg",
      "author": "Chef Marina",
      "publishedAt": "2025-10-31T14:50:07.821Z"
    },
    {
      "id": "r-0005",
      "slug": "feijoada-completa",
      "title": "Feijoada Completa",
      "category": "brasileira",
      "teaser": "Feijoada tradicional, servida com couve, farofa e laranja.",
      "prepTime": 180,
      "servings": 10,
      "image": "/images/feijoada.jpg",
      "author": "Tio João",
      "publishedAt": "2025-10-10T12:00:00Z"
    },
    {
      "id": "r-0006",
      "slug": "torta-de-limao-gelada",
      "title": "Torta de Limão Gelada",
      "category": "doce",
      "teaser": "Sobremesa gelada com creme de limão e base crocante.",
      "prepTime": 30,
      "servings": 8,
      "image": "/images/torta-limao.jpg",
      "author": "Lia Gomes",
      "publishedAt": "2025-10-02T09:00:00Z"
    },
    {
      "id": "r-0007",
      "slug": "strogonoff-de-carne-tradicional",
      "title": "Strogonoff de Carne Tradicional",
      "category": "brasileira",
      "teaser": "Clássico strogonoff com creme e cogumelos, perfeito com arroz e batata-palha.",
      "prepTime": 40,
      "servings": 5,
      "image": "/images/strogonoff.jpg",
      "author": "Rafael Costa",
      "publishedAt": "2025-09-25T18:30:00Z"
    },
    {
      "id": "r-0008",
      "slug": "risoto-de-camarao",
      "title": "Risoto de Camarão",
      "category": "massa",
      "teaser": "Risoto cremoso com camarões suculentos e toque de limão.",
      "prepTime": 50,
      "servings": 4,
      "image": "/images/risoto-camarao.jpg",
      "author": "Chef Ana",
      "publishedAt": "2025-09-18T16:00:00Z"
    },
    {
      "id": "r-0009",
      "slug": "omelete-fit-de-claras-e-espinafre",
      "title": "Omelete Fit de Claras e Espinafre",
      "category": "fit",
      "teaser": "Rápido omelete proteico, ideal para caf�� da manhã saudável.",
      "prepTime": 15,
      "servings": 1,
      "image": "/images/omelete-fit.jpg",
      "author": "Nina Rocha",
      "publishedAt": "2025-09-10T20:00:00Z"
    },
    {
      "id": "r-0010",
      "slug": "brigadeiro-gourmet",
      "title": "Brigadeiro Gourmet",
      "category": "doce",
      "teaser": "Brigadeiro com chocolate meio amargo e finalização gourmet.",
      "prepTime": 25,
      "servings": 20,
      "image": "/images/brigadeiro.jpg",
      "author": "Patrícia Lima",
      "publishedAt": "2025-09-01T09:00:00Z"
    },
    {
      "id": "r-0011",
      "slug": "macarrao-a-bolonhesa",
      "title": "Macarrão à Bolonhesa",
      "category": "massa",
      "teaser": "Molho bolonhesa encorpado servido sobre massa al dente.",
      "prepTime": 35,
      "servings": 4,
      "image": "/images/macarrao-bolonhesa.jpg",
      "author": "Paulo Mendes",
      "publishedAt": "2025-08-25T19:00:00Z"
    },
    {
      "id": "r-0012",
      "slug": "panqueca-de-carne-com-molho-vermelho",
      "title": "Panqueca de Carne com Molho Vermelho",
      "category": "massa",
      "teaser": "Panquecas recheadas com carne e cobertas por molho saboroso.",
      "prepTime": 45,
      "servings": 6,
      "image": "/images/panqueca-carne.jpg",
      "author": "Jéssica Alves",
      "publishedAt": "2025-08-18T13:00:00Z"
    },
    {
      "id": "r-0013",
      "slug": "moqueca-de-peixe",
      "title": "Moqueca de Peixe",
      "category": "brasileira",
      "teaser": "Moqueca baiana com leite de coco e dendê, servida com arroz branco.",
      "prepTime": 70,
      "servings": 5,
      "image": "/images/moqueca.jpg",
      "author": "Chef Lucas",
      "publishedAt": "2025-08-10T12:30:00Z"
    },
    {
      "id": "r-0014",
      "slug": "brownie-de-chocolate",
      "title": "Brownie de Chocolate",
      "category": "doce",
      "teaser": "Brownie fudgy com casquinha crocante e chocolate intenso.",
      "prepTime": 40,
      "servings": 12,
      "image": "/images/brownie.jpg",
      "author": "Vanessa Costa",
      "publishedAt": "2025-08-01T17:00:00Z"
    },
    {
      "id": "r-0015",
      "slug": "hamburguer-artesanal",
      "title": "Hambúrguer Artesanal",
      "category": "salgado",
      "teaser": "Hambúrguer suculento com blend especial e pão artesanal.",
      "prepTime": 30,
      "servings": 2,
      "image": "/images/hamburguer.jpg",
      "author": "Chef Pedro",
      "publishedAt": "2025-07-22T10:00:00Z"
    },
    {
      "id": "r-0016",
      "slug": "salmao-assado-com-legumes",
      "title": "Salmão Assado com Legumes",
      "category": "fit",
      "teaser": "Prato leve com salmão ao forno e legumes mediterrâneos.",
      "prepTime": 35,
      "servings": 2,
      "image": "/images/salmao-legumes.jpg",
      "author": "Mariana Rocha",
      "publishedAt": "2025-07-18T11:00:00Z"
    },
    {
      "id": "r-0017",
      "slug": "tocino-e-ovos-com-tatto",
      "title": "Tocino e Ovos (Breakfast Special)",
      "category": "salgado",
      "teaser": "Café da manhã robusto com ovos e bacon crocante.",
      "prepTime": 20,
      "servings": 1,
      "image": "/images/tocino-ovos.jpg",
      "author": "André Lima",
      "publishedAt": "2025-07-10T18:00:00Z"
    },
    {
      "id": "r-0018",
      "slug": "pizza-margherita-caseira",
      "title": "Pizza Margherita Caseira",
      "category": "massa",
      "teaser": "Massa crocante, molho de tomate fresco e muçarela de búfala.",
      "prepTime": 90,
      "servings": 4,
      "image": "/images/pizza-margherita.jpg",
      "author": "Davide Rossi",
      "publishedAt": "2025-07-01T08:30:00Z"
    },
    {
      "id": "r-0019",
      "slug": "sopa-de-legumes-com-grao-de-bico",
      "title": "Sopa de Legumes com Grão-de-Bico",
      "category": "fit",
      "teaser": "Sopa nutritiva com grão-de-bico e legumes sazonais.",
      "prepTime": 40,
      "servings": 4,
      "image": "/images/sopa-legumes.jpg",
      "author": "Clara Martins",
      "publishedAt": "2025-06-20T12:00:00Z"
    },
    {
      "id": "r-0020",
      "slug": "quiche-de-espinafre-e-queijo",
      "title": "Quiche de Espinafre e Queijo",
      "category": "salgado",
      "teaser": "Massa amanteigada com recheio cremoso de espinafre e queijo.",
      "prepTime": 50,
      "servings": 6,
      "image": "/images/quiche-espinafre.jpg",
      "author": "Laura Pinto",
      "publishedAt": "2025-06-12T13:00:00Z"
    },
    {
      "id": "r-0021",
      "slug": "creme-brulee-classico",
      "title": "Creme Brûlée Clássico",
      "category": "doce",
      "teaser": "Sobremesa francesa com creme aveludado e crosta de açúcar queimado.",
      "prepTime": 50,
      "servings": 6,
      "image": "/images/creme-brulee.jpg",
      "author": "Chef Lucie",
      "publishedAt": "2025-06-03T15:00:00Z"
    },
    {
      "id": "r-0022",
      "slug": "arroz-de-carreteiro",
      "title": "Arroz de Carreteiro",
      "category": "brasileira",
      "teaser": "Arroz saboroso com sobras de carne e tempero especial.",
      "prepTime": 60,
      "servings": 6,
      "image": "/images/arroz-carreteiro.jpg",
      "author": "Toninho",
      "publishedAt": "2025-05-28T11:00:00Z"
    },
    {
      "id": "r-0023",
      "slug": "salada-caesar-com-frango",
      "title": "Salada Caesar com Frango",
      "category": "fit",
      "teaser": "Versão leve da Caesar com peito de frango grelhado.",
      "prepTime": 25,
      "servings": 2,
      "image": "/images/caesar-frango.jpg",
      "author": "Helena Santos",
      "publishedAt": "2025-05-20T09:00:00Z"
    },
    {
      "id": "r-0024",
      "slug": "camarão-ao-alho-e-oleo",
      "title": "Camarão ao Alho e Óleo",
      "category": "massa",
      "teaser": "Prato rápido com camarões salteados em alho e azeite.",
      "prepTime": 15,
      "servings": 2,
      "image": "/images/camarao-alho-oleo.jpg",
      "author": "Rui Pereira",
      "publishedAt": "2025-05-12T14:00:00Z"
    },
    {
      "id": "r-0025",
      "slug": "panettone-caseiro",
      "title": "Panettone Caseiro",
      "category": "doce",
      "teaser": "Panettone artesanal com frutas cristalizadas e leve textura.",
      "prepTime": 240,
      "servings": 12,
      "image": "/images/panettone.jpg",
      "author": "Giovanna",
      "publishedAt": "2025-05-01T10:00:00Z"
    },
    {
      "id": "r-0026",
      "slug": "filé-mignon-ao-molho-de-vinho",
      "title": "Filé Mignon ao Molho de Vinho",
      "category": "salgado",
      "teaser": "Carne macia com molho reduzido de vinho tinto.",
      "prepTime": 50,
      "servings": 4,
      "image": "/images/file-mignon.jpg",
      "author": "Chef Ricardo",
      "publishedAt": "2025-04-22T07:00:00Z"
    },
    {
      "id": "r-0027",
      "slug": "mousse-de-chocolate",
      "title": "Mousse de Chocolate",
      "category": "doce",
      "teaser": "Mousse leve e aerado com chocolate de qualidade.",
      "prepTime": 30,
      "servings": 6,
      "image": "/images/mousse-chocolate.jpg",
      "author": "Isabela",
      "publishedAt": "2025-04-10T13:00:00Z"
    },
    {
      "id": "r-0028",
      "slug": "caldo-verde-tradicional",
      "title": "Caldo Verde Tradicional",
      "category": "brasileira",
      "teaser": "Sopa acolhedora com couve e linguiça calabresa.",
      "prepTime": 45,
      "servings": 4,
      "image": "/images/caldo-verde.jpg",
      "author": "Dona Maria",
      "publishedAt": "2025-04-01T08:00:00Z"
    },
    {
      "id": "r-0029",
      "slug": "tapioca-recheada-queijo-e-coco",
      "title": "Tapioca Recheada de Queijo e Coco",
      "category": "regional",
      "teaser": "Versão nordestina doce-salgada da tapioca clássica.",
      "prepTime": 10,
      "servings": 1,
      "image": "/images/tapioca-queijo-coco.jpg",
      "author": "Sônia",
      "publishedAt": "2025-03-18T10:00:00Z"
    },
    {
      "id": "r-0030",
      "slug": "salada-grega-clássica",
      "title": "Salada Grega Clássica",
      "category": "fit",
      "teaser": "Tomate, pepino, cebola, azeitonas e queijo feta — leve e mediterrânea.",
      "prepTime": 15,
      "servings": 2,
      "image": "/images/salada-grega.jpg",
      "author": "Andréa",
      "publishedAt": "2025-03-12T09:30:00Z"
    },
    {
      "title": "Bolo de Chocolate",
      "slug": "bolo-de-chocolate",
      "category": "doces",
      "ingredients": [
        "2 xícaras de farinha",
        "1 xícara de açúcar",
        "1 xícara de chocolate em pó",
        "3 ovos"
      ],
      "instructions": "Misture todos os ingredientes e asse por 40 minutos a 180°C.",
      "publishedAt": "2025-03-05T11:00:00Z"
    },
    {
      "id": "r-0031",
      "slug": "teste",
      "title": "teste",
      "category": "café",
      "description": "Tostadas com bacon crocante e ovos mexidos cremosos, finalizados com cebolinha.",
      "prepTime": 15,
      "servings": 2,
      "image": "/images/tostada-bacon-ovos.jpg",
      "author": "Casa da Manhã",
      "ingredients": [
        "4 fatias de bacon (tocino)",
        "4 ovos",
        "2 fatias de pão tostado",
        "1 colher de sopa de manteiga",
        "cebolinha a gosto",
        "sal e pimenta"
      ],
      "steps": [
        "Frite o bacon até ficar crocante e reserve.",
        "Bata levemente os ovos com sal e pimenta; cozinhe em fogo baixo com manteiga até ficarem cremosos.",
        "Monte sobre as tostadas, finalize com cebolinha e o bacon por cima."
      ],
      "tags": [
        "café-da-manhã",
        "rápido"
      ],
      "seo": {
        "title": "Tostada de Bacon e Ovos Cremosos",
        "description": "Receita rápida de tostada com bacon crocante e ovos mexidos cremosos. Perfeita para brunch.",
        "canonical": "/receitas/tocino-e-ovos-com-tatto"
      },
      "publishedAt": "2025-02-21T12:00:00Z"
    },
    {
      "id": "r-0031",
      "slug": "flavio",
      "title": "flavio",
      "category": "café",
      "description": "Tostadas com bacon crocante e ovos mexidos cremosos, finalizados com cebolinha.",
      "prepTime": 15,
      "servings": 2,
      "image": "/images/tostada-bacon-ovos.jpg",
      "author": "Casa da Manhã",
      "ingredients": [
        "4 fatias de bacon (tocino)",
        "4 ovos",
        "2 fatias de pão tostado",
        "1 colher de sopa de manteiga",
        "cebolinha a gosto",
        "sal e pimenta"
      ],
      "steps": [
        "Frite o bacon até ficar crocante e reserve.",
        "Bata levemente os ovos com sal e pimenta; cozinhe em fogo baixo com manteiga até ficarem cremosos.",
        "Monte sobre as tostadas, finalize com cebolinha e o bacon por cima."
      ],
      "tags": [
        "café-da-manhã",
        "rápido"
      ],
      "seo": {
        "title": "Tostada de Bacon e Ovos Cremosos",
        "description": "Receita rápida de tostada com bacon crocante e ovos mexidos cremosos. Perfeita para brunch.",
        "canonical": "/receitas/tocino-e-ovos-com-tatto"
      },
      "publishedAt": "2025-02-10T09:00:00Z"
    },
    {
      "id": "r-0031",
      "slug": "joao",
      "title": "joao",
      "category": "café",
      "description": "Tostadas com bacon crocante e ovos mexidos cremosos, finalizados com cebolinha.",
      "prepTime": 15,
      "servings": 2,
      "image": "/images/tostada-bacon-ovos.jpg",
      "author": "Casa da Manhã",
      "ingredients": [
        "4 fatias de bacon (tocino)",
        "4 ovos",
        "2 fatias de pão tostado",
        "1 colher de sopa de manteiga",
        "cebolinha a gosto",
        "sal e pimenta"
      ],
      "steps": [
        "Frite o bacon até ficar crocante e reserve.",
        "Bata levemente os ovos com sal e pimenta; cozinhe em fogo baixo com manteiga até ficarem cremosos.",
        "Monte sobre as tostadas, finalize com cebolinha e o bacon por cima."
      ],
      "tags": [
        "café-da-manhã",
        "rápido"
      ],
      "seo": {
        "title": "Tostada de Bacon e Ovos Cremosos",
        "description": "Receita rápida de tostada com bacon crocante e ovos mexidos cremosos. Perfeita para brunch.",
        "canonical": "/receitas/tocino-e-ovos-com-tatto"
      },
      "publishedAt": "2025-01-15T10:30:00Z"
    }
  ]
}
